"osm_type","osm_id","lon","lat","attr_type","weight","name","district"
"node",279872210,-61.0427632,13.8746259,"viewpoint",1.5,NA,"Soufriere"
"node",653293663,-60.8967735,14.0391282,"historic",1.5,"Old Dauphin","Gros Islet"
"node",1224753135,-61.0489948,13.8672,"viewpoint",1.5,NA,"Soufriere"
"node",1224753145,-61.0622086,13.8583602,"hotel",3,"Hummingbird Beach Resort","Soufriere"
"node",1224753146,-60.9975012,14.0064044,"viewpoint",1.5,NA,"Castries"
"node",1224753161,-61.0190631,13.963838,"viewpoint",1.5,NA,"Castries"
"node",1224782919,-60.9622752,14.0939255,"attraction",2,"Pigeon Is. interpretation Center","Gros Islet"
"node",1224782998,-60.9662412,14.0912729,"historic",1.5,"US Signaling Station","Gros Islet"
"node",1224783048,-60.9630332,14.0937952,"historic",1.5,"Soldiers Baracks","Gros Islet"
"node",1976743759,-61.048949,13.8327433,"guesthouse",1,"Jaco Pitons Villa","Soufriere"
"node",2258505696,-61.0618725,13.8281625,"viewpoint",1.5,"Sugar Beach","Soufriere"
"node",2326504666,-61.0550726,13.857905,"guesthouse",1,"Frenz","Soufriere"
"node",2326530340,-61.0589654,13.854145,"hotel",3,"Downtown Hotel","Soufriere"
"node",2609099751,-61.0022017,14.0207862,"hotel",3,"Casa del Vega","Castries"
"node",2621272580,-61.0612149,13.8484098,"viewpoint",1.5,"Soufriere","Soufriere"
"node",2631362168,-60.978443,14.0088162,"viewpoint",1.5,"View point","Castries"
"node",3265602461,-60.8892869,13.9045149,"viewpoint",1.5,"Mandele Lookout Point","Dennery"
"node",3381978707,-60.9720166,14.0552927,"hotel",3,"Apartment Espoir","Gros Islet"
"node",3382118985,-60.974372,14.058804,"hotel",3,"Windjammer Landing Resort","Gros Islet"
"node",3586258245,-60.8994913,14.0419218,"historic",1.5,NA,"Gros Islet"
"node",3586339495,-60.9571146,14.0439916,"guesthouse",1,"Riverstone Guest House","Gros Islet"
"node",3971776153,-61.0511296,13.7763571,"attraction",2,"Choiseul Petroglyph","Choiseul"
"node",3974837542,-61.0579844,13.7871745,"historic",1.5,"Morne Sion Wind Mill","Choiseul"
"node",3997925907,-60.9504934,14.0799439,"guesthouse",1,"Coral Reef Apartments","Gros Islet"
"node",3998268054,-60.898425,13.9187261,"guesthouse",1,"Kai Dormi","Dennery"
"node",4000049157,-61.0506815,13.7753867,"beach",2,"Choiseul village public beach","Choiseul"
"node",4003282224,-61.0091487,14.0083147,"hotel",3,"Sandals Regency La Toc Golf Resort & Spa","Castries"
"node",4003419053,-60.9311293,13.9317008,"historic",1.5,"Grand Riviere Monument","Dennery"
"node",4012078102,-61.0529703,13.8546047,"guesthouse",1,"De Residence Guest House","Soufriere"
"node",4013075191,-61.0374466,13.7595508,"beach",2,"River Doree Beach","Laborie"
"node",4013087389,-61.0289151,13.7614651,"guesthouse",1,"L'Escape","Laborie"
"node",4013332381,-61.0210809,13.7532377,"beach",2,"Piaye Beach","Laborie"
"node",4013384350,-61.0533364,13.8633352,"hotel",3,"La Haut Resort","Soufriere"
"node",4013459862,-61.0677571,13.7997032,"beach",2,"Anse L'Ivrogne Beach","Choiseul"
"node",4014369931,-61.0607925,13.8448375,"hotel",3,"Stonefield Estate Resort","Soufriere"
"node",4017283936,-60.9489082,13.7303199,"hotel",3,"Clear Sky (Kabran) Hotel","Vieux Fort"
"node",4019718879,-61.0503137,13.8334385,"hotel",3,"Rabot Hotel from Hotel Chocolat","Soufriere"
"node",4023818737,-61.0228126,13.9643184,"hotel",3,"The Cove","Castries"
"node",4027985616,-61.007218,13.7703539,"viewpoint",1.5,"Morne Le Blanc Heritage Site","Laborie"
"node",4031158000,-61.0501517,13.7784035,"viewpoint",1.5,NA,"Choiseul"
"node",4031518715,-61.0558604,13.8582168,"historic",1.5,"Soufriere Coconut Factory","Soufriere"
"node",4031557295,-61.0522812,13.8577757,"guesthouse",1,"Guest House","Soufriere"
"node",4031588825,-60.990046,14.0099864,"historic",1.5,"Sir John Compton Monument","Castries"
"node",4032184478,-60.9617874,14.0208858,"attraction",2,"Forestry Zoo","Castries"
"node",4032186190,-60.9578317,14.0158735,"hotel",3,"Unique Vacations Limited Call Centre","Castries"
"node",4032206469,-60.9909987,14.0088453,"historic",1.5,NA,"Castries"
"node",4153687589,-61.0611481,13.794983,"hotel",3,"Kaye Mango","Choiseul"
"node",4160134410,-61.0620575,13.794762,"hotel",3,"Tet Rouge Resort","Choiseul"
"node",4331148489,-60.9244963,13.8990621,"attraction",2,"Treetop Adventure Park","Dennery"
"node",4529022580,-61.0445449,13.9381939,"viewpoint",1.5,NA,"Anse-la-Raye"
"node",4632332497,-60.8996874,13.8322644,"guesthouse",1,"Zamaca B&B","Micoud"
"node",4732800096,-61.0519409,13.8676453,"hotel",3,"Samfi Gardens","Soufriere"
"node",4734959921,-60.982181,14.0178407,"historic",1.5,"Chez ma gd mere maternelle","Castries"
"node",4783794622,-60.942429,13.7410223,"guesthouse",1,"Hewanorra Gardens","Vieux Fort"
"node",4816828022,-60.9997644,14.0007357,"guesthouse",1,"Morne Seaview Apartments","Castries"
"node",4903000021,-60.9477481,14.0731619,"hotel",3,"Harbor Club","Gros Islet"
"node",4936313231,-60.9562645,14.0678047,"historic",1.5,"WWII Old U.S. Military Pillars","Gros Islet"
"node",5001859981,-61.0251631,13.9717663,"viewpoint",1.5,NA,"Castries"
"node",5001864597,-61.0275074,13.9701348,"viewpoint",1.5,NA,"Castries"
"node",5090847320,-61.0655291,13.8100249,"viewpoint",1.5,"Gros Piton Viewpoint","Soufriere"
"node",5178631921,-61.0568357,13.8179171,"viewpoint",1.5,NA,"Soufriere"
"node",5204823447,-60.9705873,13.7474623,"guesthouse",1,NA,"Vieux Fort"
"node",5206646917,-60.9098004,13.948705,"historic",1.5,"Rainbow Bridge","Dennery"
"node",5207025547,-60.9907645,14.0087996,"historic",1.5,"Sir William Arthur Lewis","Castries"
"node",5214496347,-60.9432587,13.7760187,"guesthouse",1,"caco villa","Micoud"
"node",5214888561,-61.0426087,13.9393133,"guesthouse",1,NA,"Anse-la-Raye"
"node",5215421853,-61.0420778,13.939987,"guesthouse",1,NA,"Anse-la-Raye"
"node",5216434833,-60.9433006,13.7598746,"guesthouse",1,"Aupic Paradise Guest House & Apartments","Vieux Fort"
"node",5216471253,-61.0583567,13.8561031,"guesthouse",1,"Chez Camile","Soufriere"
"node",5216519176,-61.042062,13.9442752,"guesthouse",1,NA,"Anse-la-Raye"
"node",5216661721,-61.036107,13.9433365,"guesthouse",1,"Tropical paradise view","Anse-la-Raye"
"node",5216661722,-61.0399002,13.944235,"guesthouse",1,"Bertilder's","Anse-la-Raye"
"node",5216684069,-61.0533838,13.8585637,"guesthouse",1,"home hotel","Soufriere"
"node",5217233709,-61.0428098,13.940115,"guesthouse",1,NA,"Anse-la-Raye"
"node",5217847577,-61.0438082,13.9425628,"viewpoint",1.5,"Viewing Point","Anse-la-Raye"
"node",5218247466,-61.0686026,13.8615363,"guesthouse",1,"BananaQuit Guest House","Soufriere"
"node",5218476226,-60.9864861,14.002045,"guesthouse",1,"caribbean bargain","Castries"
"node",5218720055,-61.0690961,13.861807,"guesthouse",1,"Villa La Bagatelle","Soufriere"
"node",5218720066,-61.0532583,13.8664874,"guesthouse",1,"Crystal’s","Soufriere"
"node",5218720070,-61.0698548,13.8618636,"guesthouse",1,"La Batterie","Soufriere"
"node",5218720072,-61.0693307,13.8622884,"guesthouse",1,"Tamarind House","Soufriere"
"node",5219871125,-60.9865467,14.0060258,"guesthouse",1,"Richard House for rent","Castries"
"node",5219932733,-60.9857907,14.0089075,"guesthouse",1,"julian paul huggins","Castries"
"node",5219976853,-60.906718,13.9340536,"guesthouse",1,"Sea Breeze","Dennery"
"node",5220147410,-60.8955946,13.9252852,"historic",1.5,"Fond'or Historical Park","Dennery"
"node",5220454809,-61.0515084,13.8579064,"guesthouse",1,NA,"Soufriere"
"node",5228365411,-61.0621841,13.8459076,"guesthouse",1,"Belle Coco","Soufriere"
"node",5230660809,-60.9702489,13.7396958,"guesthouse",1,NA,"Vieux Fort"
"node",5230736745,-61.036921,13.8535913,"attraction",2,"Toraille Atv Park and Trail","Soufriere"
"node",5230982853,-61.0438249,13.8544458,"guesthouse",1,"the great stay guest hous","Soufriere"
"node",5239910742,-60.8912183,13.9095098,"attraction",2,"Dennery Community Park","Dennery"
"node",5241056829,-61.0549882,13.8199649,"attraction",2,"Tet Paul Nature trail","Soufriere"
"node",5242787667,-60.9877619,14.0074014,"historic",1.5,"Derick Walcott Building","Castries"
"node",5250516422,-61.0568632,13.9265455,"beach",2,"Anse Cochon Beach","Canaries"
"node",5278249621,-60.89848,13.8196044,"guesthouse",1,"Heidi’s Place","Micoud"
"node",5604492521,-60.926738,14.0910938,"attraction",2,"Aquaholics Kite surfing School","Gros Islet"
"node",6144148257,-61.0616985,13.8283064,"hotel",3,"Sugar Beach, A Viceroy Resort","Soufriere"
"node",6167221187,-61.0661358,13.9065292,"viewpoint",1.5,NA,"Canaries"
"node",6167221692,-61.0456949,13.9169944,"viewpoint",1.5,"Horizon","Canaries"
"node",6169528486,-60.9199685,14.0910961,"viewpoint",1.5,"Gorgona forest","Gros Islet"
"node",6169528585,-60.9187124,14.0968906,"viewpoint",1.5,"Cactus forest","Gros Islet"
"node",6178540490,-60.8930982,13.918213,"viewpoint",1.5,"On coast","Dennery"
"node",6178540491,-61.0506007,13.8655254,"viewpoint",1.5,"On pitons","Soufriere"
"node",6179857755,-61.0506512,13.8655843,"viewpoint",1.5,NA,"Soufriere"
"node",6182324792,-60.9965464,14.0065743,"viewpoint",1.5,NA,"Castries"
"node",6288431982,-61.0778258,13.8641129,"attraction",2,NA,"Soufriere"
"node",6305850999,-61.0757814,13.8705979,"historic",1.5,NA,"Soufriere"
"node",6322922716,-60.9576376,13.9269999,"attraction",2,"Barre de L'Isle rainforest trail","Dennery"
"node",6331223500,-60.9939977,13.9008413,"attraction",2,"Millet Bird Sanctuary Trail","Anse-la-Raye"
"node",6335020836,-60.961707,14.0205291,"attraction",2,"Union Trail","Castries"
"node",6406228898,-60.9907468,14.008889,"historic",1.5,"Hon Derek Alton Walcott","Castries"
"node",6545690679,-61.0678905,13.8616238,"guesthouse",1,"Villa Grand Piton","Soufriere"
"node",6545702303,-61.0682144,13.8623128,"guesthouse",1,"Villa Mabouya","Soufriere"
"node",6546011768,-61.0233959,13.7601352,"guesthouse",1,"Breezy Isle Villa","Laborie"
"node",6788437488,-60.9460126,14.0754346,"guesthouse",1,"Windford Apartments","Gros Islet"
"node",6837300825,-61.062633,13.9064096,"attraction",2,"Adeline's Art Cafe","Canaries"
"node",6881350580,-61.0636775,13.7969327,"guesthouse",1,"7th heavens kitchen & cottage","Choiseul"
"node",6904167349,-61.0255117,13.7544047,"beach",2,"Balembouche beach","Laborie"
"node",6904260120,-61.026525,13.75666,"historic",1.5,"Sugar mill","Laborie"
"node",6916893893,-60.9862337,14.0173114,"guesthouse",1,"Dormir à L'aise","Castries"
"node",6970000602,-60.8992762,13.8325752,"attraction",2,"Fond Bay Gardens","Micoud"
"node",6970000603,-60.8990567,13.8325039,"hotel",3,"Fond Bay Suites and Villa","Micoud"
"node",7086503917,-61.0439859,13.937796,"attraction",2,"The Melting Pot","Anse-la-Raye"
"node",7103241279,-61.0681587,13.8619015,"guesthouse",1,"Cashew Villa","Soufriere"
"node",7126432810,-61.0455467,13.9353955,"viewpoint",1.5,NA,"Canaries"
"node",7201046676,-61.0349626,13.8347448,"hotel",3,"Tony & Aldona's Retreat","Soufriere"
"node",7280289336,-61.0781078,13.8638862,"dive_centre",1,"Scuba St Lucia","Soufriere"
"node",7921003297,-60.9475484,14.1036925,"beach",2,"Anse du Cap","Gros Islet"
"node",7922926148,-60.9092572,13.767246,"beach",2,"Honeymoon Beach","Micoud"
"node",8307144854,-60.9303866,14.0736444,"historic",1.5,NA,"Gros Islet"
"node",8960155391,-60.9388853,14.075209,"guesthouse",1,"Keepcool Guesthouse","Gros Islet"
"node",8996119016,-60.985104,14.0098315,"guesthouse",1,"chauteau blanc","Castries"
"node",9385512257,-60.9533272,13.7296859,"historic",1.5,"Independence Square Monument","Vieux Fort"
"node",9385639518,-60.9721116,13.7296327,"historic",1.5,"El Pirata Shipwreck","Vieux Fort"
"node",9385639559,-60.9478136,13.7165305,"viewpoint",1.5,NA,"Vieux Fort"
"node",9385691464,-60.9311195,13.8056756,"historic",1.5,"Desruisseaux Cross","Micoud"
"node",9405903176,-60.9575931,13.7543534,"viewpoint",1.5,NA,"Vieux Fort"
"node",9559231587,-61.0586123,13.9095031,"viewpoint",1.5,NA,"Canaries"
"node",9900298018,-60.9875866,14.0112781,"guesthouse",1,"Garry's Guest House","Castries"
"node",9993906617,-60.9949195,14.0148374,"dive_centre",1,"Dive Fair Haven Snorkeling","Castries"
"node",10017170962,-60.9148429,13.8092316,"attraction",2,"Oldest Baobab Tree","Micoud"
"node",10233621317,-61.0671778,13.7907133,"guesthouse",1,"The Pink House","Choiseul"
"node",10596853105,-61.0310628,13.9622706,"guesthouse",1,"Marigot bah house","Castries"
"node",10600253261,-61.0313068,13.9621692,"guesthouse",1,"Treehouse Marigot Bay","Castries"
"node",10649346505,-60.9211695,13.9856666,"viewpoint",1.5,"Rainforest Adventures","Gros Islet"
"node",10673421405,-61.0488652,13.8348515,"viewpoint",1.5,"Big Nature","Soufriere"
"node",10731803005,-60.9664256,14.0577351,"guesthouse",1,"Melanie's airbnb","Gros Islet"
"node",10761210442,-61.0458186,13.8374695,"viewpoint",1.5,NA,"Soufriere"
"node",11144447906,-61.0265479,13.9558388,"attraction",2,"St. Lucia Bamboo Rafting","Anse-la-Raye"
"node",11144646205,-61.0683517,13.903652,"viewpoint",1.5,NA,"Canaries"
"node",11144923905,-61.0603525,13.8590363,"guesthouse",1,"Heaven Guest House","Soufriere"
"node",11146191705,-61.047526,13.8337592,"attraction",2,"Project Chocolate","Soufriere"
"node",11331356087,-60.9615603,13.9557502,"guesthouse",1,NA,"Castries"
"node",11363184646,-60.9965415,13.9997852,"attraction",2,"The Morne Museum","Castries"
"node",11363184651,-60.9937204,13.9969849,"historic",1.5,"Sir William Arthur Lewis","Castries"
"node",11375521498,-60.9535917,14.0824937,"guesthouse",1,"Alexander's Guest House","Gros Islet"
"node",11467283969,-61.0601103,13.8458028,"viewpoint",1.5,"UNESCO World Heritage","Soufriere"
"node",11476401278,-61.0721401,13.8725221,"viewpoint",1.5,NA,"Soufriere"
"node",11575327951,-61.0567058,13.8472039,"attraction",2,"Morne Coubaril Historical Adventure Park","Soufriere"
"node",11591919594,-61.0591534,13.8570323,"guesthouse",1,"River Breeze Villa","Soufriere"
"node",11902398169,-61.0200078,13.9627957,"attraction",2,"MARIGOT VIEW","Castries"
"node",11902398170,-61.0594114,13.8302375,"attraction",2,"The BEST VIEW OF  CARRIBEAN","Soufriere"
"node",12079568992,-61.0556656,13.8201691,"viewpoint",1.5,NA,"Soufriere"
"node",12079568997,-61.0566768,13.8167831,"viewpoint",1.5,NA,"Soufriere"
"node",12079569001,-61.0571261,13.8178028,"viewpoint",1.5,NA,"Soufriere"
"node",12079569003,-61.0560907,13.8188394,"viewpoint",1.5,NA,"Soufriere"
"node",12541166631,-61.063589,13.8392726,"hotel",3,"Paradise Hotel","Soufriere"
"node",12786139134,-60.8997723,14.0661437,"attraction",2,"Mermaid pool","Gros Islet"
"node",12786140445,-60.8984527,14.0656104,"beach",2,"Pebble beach","Gros Islet"
"node",13634890001,-61.0492436,13.8487863,"viewpoint",1.5,NA,"Soufriere"
"node",13634891001,-61.0465295,13.8300518,"viewpoint",1.5,NA,"Soufriere"
"node",13634891101,-61.0491,13.8299652,"viewpoint",1.5,NA,"Soufriere"
"node",13634892102,-61.0472637,13.8312991,"viewpoint",1.5,NA,"Soufriere"
"node",13643234576,-61.0623379,13.8581076,"dive_centre",1,NA,"Soufriere"
"node",13723072587,-60.996447,14.0147445,"attraction",2,"Saint Lucia","Castries"
"way",26191302,-60.9522432,14.0686266,"hotel",3,"Bay Gardens Hotel","Gros Islet"
"way",26191317,-60.9532702,14.0686372,"hotel",3,"Bay Gardens Inn","Gros Islet"
"way",28338101,-60.9325776,13.7249758,"beach",2,NA,"Vieux Fort"
"way",106468196,-60.9665986,14.0912799,"historic",1.5,"Fort Rodney","Gros Islet"
"way",255416397,-60.9882513,14.0248623,"beach",2,"Vigie Beach","Castries"
"way",256270730,-61.0618596,13.827917,"beach",2,"Sugar Beach","Soufriere"
"way",256461657,-61.0622508,13.8576937,"beach",2,"Soufrière Beach","Soufriere"
"way",257640501,-61.04647,13.838658,"attraction",2,"Sulphur Springs","Soufriere"
"way",257643605,-60.9847477,14.0145001,"attraction",2,"Folk Research Center","Castries"
"way",257746931,-61.0629819,13.9165102,"beach",2,NA,"Canaries"
"way",257746932,-61.0600402,13.9200571,"beach",2,NA,"Canaries"
"way",257746937,-61.0613128,13.9180565,"beach",2,NA,"Canaries"
"way",275829154,-60.9057066,13.7727976,"beach",2,NA,"Micoud"
"way",275833734,-60.8853033,13.8798568,"beach",2,NA,"Dennery"
"way",275835350,-60.8854496,14.0026211,"beach",2,"Grand Anse","Gros Islet"
"way",275835351,-60.8894119,14.0186775,"beach",2,NA,"Gros Islet"
"way",275835374,-60.9754472,14.0584009,"beach",2,NA,"Gros Islet"
"way",276153792,-61.0345085,13.9583619,"beach",2,"Roseau Beach","Anse-la-Raye"
"way",276153795,-61.0095788,14.009262,"beach",2,"Yellow Sands Beach","Castries"
"way",285593349,-60.9510722,14.0971248,"beach",2,"Anse Bécune Beach","Gros Islet"
"way",298104268,-60.9587202,14.0381403,"hotel",3,NA,"Gros Islet"
"way",319885521,-60.9554642,14.0696686,"hotel",3,"Coco Palm","Gros Islet"
"way",334330991,-61.057488,13.9253357,"hotel",3,"Ti Kaye Resort & Spa","Canaries"
"way",352854520,-60.9708014,14.0404432,"hotel",3,"St James Club Morgan Bay","Gros Islet"
"way",352855284,-60.9726783,14.0501044,"hotel",3,"Calabash Cove Resort","Gros Islet"
"way",352865493,-60.9942462,14.0169937,"hotel",3,"Auberge Seraphine Hotel","Castries"
"way",352872314,-60.9470026,14.0777547,"hotel",3,"Bay Gardens Marina Haven Hotel","Gros Islet"
"way",352879950,-60.9979033,14.0002031,"historic",1.5,"Provost Park","Castries"
"way",352880663,-60.9537652,14.0802037,"hotel",3,"Daphil 's Hotel","Gros Islet"
"way",352881675,-60.9972683,13.9992465,"historic",1.5,"Powder Magazine","Castries"
"way",354665310,-60.9550203,14.070049,"hotel",3,NA,"Gros Islet"
"way",361953912,-60.9535276,14.0753313,"hotel",3,"Tuxedo Villa's","Gros Islet"
"way",361955435,-60.9532926,14.0772524,"hotel",3,"Blu","Gros Islet"
"way",392667318,-60.981768,14.0146283,"hotel",3,"Bel Jou Hotel","Castries"
"way",396000515,-60.9544404,14.0707572,"hotel",3,"La Terrasse Inn","Gros Islet"
"way",396019079,-60.9776331,14.0291504,"hotel",3,"Friendship Inn","Castries"
"way",396024755,-60.9832708,14.0222959,"hotel",3,"La Guest Inn","Castries"
"way",396112290,-61.0398832,13.9457211,"guesthouse",1,"Benny's Tropical Place","Anse-la-Raye"
"way",396331596,-61.0541923,13.85561,"hotel",3,"Leisure Inn","Soufriere"
"way",396465379,-61.0503173,13.8318061,"hotel",3,"Boucan Hotel","Soufriere"
"way",397268393,-60.9449676,13.7368602,"hotel",3,"Skyway Hotel","Vieux Fort"
"way",397354719,-60.946855,14.0804986,"hotel",3,"Stephanie's Hotel","Gros Islet"
"way",397354723,-60.946516,14.0800338,"hotel",3,"The Beausejour Hotel","Gros Islet"
"way",397527207,-60.9477385,14.0811651,"hotel",3,"Chez Marie Alish","Gros Islet"
"way",397533624,-60.9505209,14.0996622,"hotel",3,"Cap Maison Resort & Spa","Gros Islet"
"way",397989725,-60.9930598,13.9964571,"historic",1.5,NA,"Castries"
"way",398176423,-60.9763645,14.0314113,"hotel",3,"Sandals Halcyon Bay","Castries"
"way",398180101,-60.9531456,14.0763352,"hotel",3,"Samara","Gros Islet"
"way",398212226,-61.0456673,13.9354632,"attraction",2,"Paula's Place","Canaries"
"way",398218783,-61.0576279,13.860175,"guesthouse",1,"Uptown Guesthouse","Soufriere"
"way",398218784,-61.0624232,13.8584015,"hotel",3,"Hummingbird Resort","Soufriere"
"way",398220077,-61.0587429,13.8554508,"guesthouse",1,"Chez Camille","Soufriere"
"way",398346435,-61.0577689,13.8521572,"guesthouse",1,"Cascara Guest House","Soufriere"
"way",398346436,-61.0523432,13.8330878,"hotel",3,"Ladera Resort","Soufriere"
"way",398450574,-61.0527,13.854281,"guesthouse",1,"Alfred's Diamond Villas","Soufriere"
"way",398594291,-61.0555812,13.8609424,"hotel",3,"Villa Des Pitons","Soufriere"
"way",398678614,-61.0380744,13.7746582,"guesthouse",1,NA,"Choiseul"
"way",399235685,-61.0503495,13.8219485,"hotel",3,"Fond Doux Plantation and Resort","Soufriere"
"way",399518556,-61.0548509,13.7800248,"beach",2,"Sable Wiche Sha Beach, Choiseul","Choiseul"
"way",399977572,-61.0432201,13.9414149,"guesthouse",1,NA,"Anse-la-Raye"
"way",400197448,-61.0580427,13.9249845,"hotel",3,NA,"Canaries"
"way",400198393,-61.0574968,13.925264,"hotel",3,NA,"Canaries"
"way",400198659,-61.0578267,13.9250283,"hotel",3,NA,"Canaries"
"way",400198666,-61.0575638,13.9248956,"hotel",3,NA,"Canaries"
"way",400198671,-61.057244,13.925098,"hotel",3,NA,"Canaries"
"way",400198804,-61.0579467,13.9247882,"hotel",3,NA,"Canaries"
"way",400198996,-61.0563885,13.924742,"hotel",3,NA,"Canaries"
"way",400199053,-61.0561648,13.9248973,"hotel",3,NA,"Canaries"
"way",400199057,-61.0432548,13.9400734,"historic",1.5,"Old Police Station","Anse-la-Raye"
"way",400200014,-61.0687488,13.9044209,"hotel",3,NA,"Canaries"
"way",400201527,-61.0690756,13.8616057,"guesthouse",1,NA,"Soufriere"
"way",400201584,-61.0693112,13.8618262,"guesthouse",1,NA,"Soufriere"
"way",400201705,-61.0695492,13.8605267,"guesthouse",1,NA,"Soufriere"
"way",400227003,-60.9970738,13.7513327,"guesthouse",1,"Laborie beach house","Laborie"
"way",400280577,-61.0606045,13.84238,"guesthouse",1,"Vance Villa","Soufriere"
"way",400512147,-61.0313805,13.7727457,"guesthouse",1,"The Humble","Choiseul"
"way",400512296,-61.0286673,13.7613526,"guesthouse",1,"L'Escape","Laborie"
"way",400514196,-61.0270227,13.756616,"attraction",2,"Balenbouche Estate","Laborie"
"way",400525848,-60.9612383,14.0555531,"guesthouse",1,"Parrot's Hideaway","Gros Islet"
"way",400529964,-60.9520073,14.0668825,"hotel",3,"MJI Hotel","Gros Islet"
"way",400530161,-60.9454262,14.0707229,"guesthouse",1,"Four Springs Villa","Gros Islet"
"way",400545853,-61.0196636,13.7561152,"guesthouse",1,"Cuddle Inn","Laborie"
"way",400601537,-61.0431371,13.9399364,"guesthouse",1,NA,"Anse-la-Raye"
"way",400615723,-61.0428352,13.9457937,"guesthouse",1,"Collymore's Guest House","Anse-la-Raye"
"way",400615725,-61.0428462,13.945727,"guesthouse",1,"Collymore's Guest House","Anse-la-Raye"
"way",400625544,-61.0389208,13.9444885,"guesthouse",1,"Kesley Comfort GuestHouse","Anse-la-Raye"
"way",400690134,-61.0244407,13.9677019,"guesthouse",1,"Mango Beach Inn","Castries"
"way",401199591,-61.0434049,13.9317748,"guesthouse",1,"Brigand Hill Villas","Canaries"
"way",403174145,-60.9859113,14.009405,"historic",1.5,"Francis and Francis","Castries"
"way",403518100,-61.0415953,13.9397243,"guesthouse",1,NA,"Anse-la-Raye"
"way",403518108,-61.0416853,13.9398325,"guesthouse",1,NA,"Anse-la-Raye"
"way",404255893,-60.9614892,13.9555408,"guesthouse",1,"Weeks Guest House","Castries"
"way",404399719,-60.9566412,13.7582224,"guesthouse",1,NA,"Vieux Fort"
"way",404400861,-61.0780899,13.8638531,"dive_centre",1,"Scuba St Lucia","Soufriere"
"way",423293421,-60.9563917,14.0746935,"beach",2,"Reduit Beach","Gros Islet"
"way",434000881,-60.9135703,14.0773465,"beach",2,NA,"Gros Islet"
"way",436428804,-60.9459059,14.0829632,"hotel",3,"Ocean View Hotel","Gros Islet"
"way",456823258,-60.9537574,14.0772809,"hotel",3,"Bay Gardens Beach Resort","Gros Islet"
"way",484060408,-60.9752351,14.0337227,"beach",2,"Choc Beach","Castries"
"way",491374973,-60.9287974,14.0898799,"hotel",3,"Cotton Bay Village","Gros Islet"
"way",503294854,-60.9563062,14.0677154,"historic",1.5,NA,"Gros Islet"
"way",527098415,-60.9533196,14.0755729,"hotel",3,"Ginger Lily Hotel","Gros Islet"
"way",527215601,-60.9186193,14.0956107,"beach",2,"Donkey Beach","Gros Islet"
"way",527215604,-60.9554544,14.0892262,"hotel",3,"The Landings Resort & Spa","Gros Islet"
"way",527226098,-60.9662852,14.0660447,"beach",2,"Francois Beach","Gros Islet"
"way",528048752,-60.954062,13.72531,"hotel",3,"Kimatrai Hotel","Vieux Fort"
"way",528051164,-60.9812444,13.7362388,"beach",2,"Black Bay Beach","Laborie"
"way",528806499,-60.8922592,13.833654,"beach",2,"L'Anse Mabouya (Fond Bay Beach)","Micoud"
"way",528991265,-60.9540733,14.0730709,"hotel",3,"Harmony Suites","Gros Islet"
"way",530993659,-60.9562756,14.0725732,"hotel",3,"Rex St Lucian","Gros Islet"
"way",539692178,-60.9949142,13.9431451,"guesthouse",1,NA,"Anse-la-Raye"
"way",540425592,-61.0625138,13.8467605,"hotel",3,"Coulibri Cottage","Soufriere"
"way",540471354,-61.0443895,13.8215417,"guesthouse",1,"La Dauphine Estate","Soufriere"
"way",541131865,-61.0326864,13.8508547,"guesthouse",1,"Riverside Guest house","Soufriere"
"way",551444603,-61.0756248,13.8644914,"hotel",3,"Jade Mountain Resort","Soufriere"
"way",551467197,-61.0780704,13.8641494,"beach",2,NA,"Soufriere"
"way",551467198,-61.077795,13.8652857,"beach",2,"Anse Chastanet Beach","Soufriere"
"way",564271735,-61.0253697,13.9663587,"beach",2,"Marigot Beach","Castries"
"way",614133965,-60.9501882,14.1005291,"beach",2,"smugglers cove beach","Gros Islet"
"way",619833566,-60.8948355,13.84322,"guesthouse",1,"Omanette Retreat","Micoud"
"way",667689717,-60.9730187,14.0654005,"beach",2,"Trouya Beach","Gros Islet"
"way",667691231,-61.0634153,13.8426967,"beach",2,"Malgretoute Beach","Soufriere"
"way",669721394,-60.9646274,14.0925784,"historic",1.5,"Pigeon Island National Landmark","Gros Islet"
"way",669721961,-60.9601253,14.0910332,"beach",2,"Pigeon Island Beach","Gros Islet"
"way",671531402,-61.0678839,13.9065445,"beach",2,NA,"Canaries"
"way",672330047,-61.0005243,13.751768,"beach",2,"Rudy John Beach","Laborie"
"way",673350542,-61.0785664,13.872048,"beach",2,NA,"Soufriere"
"way",673356615,-61.0743682,13.8912077,"beach",2,NA,"Soufriere"
"way",673356617,-61.0724611,13.8947435,"beach",2,NA,"Soufriere"
"way",673365731,-61.0789718,13.8745757,"beach",2,NA,"Soufriere"
"way",673387589,-61.0690427,13.8607928,"guesthouse",1,"Tree House villa","Soufriere"
"way",673387590,-61.0692303,13.8607392,"guesthouse",1,"Moringa Villa","Soufriere"
"way",673387591,-61.0706751,13.8606274,"guesthouse",1,"caile blanc villa","Soufriere"
"way",673894052,-60.9720395,14.0408914,"beach",2,NA,"Gros Islet"
"way",673894053,-60.9740854,14.0550085,"beach",2,NA,"Gros Islet"
"way",673894054,-60.9272196,14.0886659,"beach",2,"Cas en bas","Gros Islet"
"way",673894063,-61.0447213,13.9444069,"beach",2,"Tolonge Beach","Canaries"
"way",676023079,-60.8855286,13.8618619,"beach",2,NA,"Micoud"
"way",676052651,-60.9355884,13.7447696,"beach",2,"Mankote Beach","Vieux Fort"
"way",676207517,-61.0665262,13.9134824,"beach",2,NA,"Canaries"
"way",677823017,-61.0678012,13.7996193,"beach",2,NA,"Choiseul"
"way",677825860,-61.0630428,13.786981,"beach",2,"La Pointe Beach","Choiseul"
"way",678612736,-61.0450223,13.9434416,"beach",2,NA,"Anse-la-Raye"
"way",678635330,-61.0500215,13.9350305,"beach",2,NA,"Canaries"
"way",678639375,-61.0568071,13.9273948,"beach",2,NA,"Canaries"
"way",680605921,-61.0414911,13.7726385,"guesthouse",1,"Island Experience","Choiseul"
"way",680717445,-61.0507161,13.7755863,"beach",2,NA,"Choiseul"
"way",683060116,-60.9963076,13.7513146,"guesthouse",1,"Southern Haven Beach House","Laborie"
"way",698304203,-60.9223351,14.0915061,"beach",2,NA,"Gros Islet"
"way",699904461,-61.0568845,13.848208,"historic",1.5,NA,"Soufriere"
"way",700641361,-60.9216241,14.0836197,"beach",2,"$5 Beach","Gros Islet"
"way",700641363,-60.9195998,14.0793423,"beach",2,"Tousalee Beach","Gros Islet"
"way",712287616,-60.892969,14.0284725,"beach",2,NA,"Gros Islet"
"way",722748607,-60.9559207,14.0862075,"beach",2,"Pigeon Island Beach","Gros Islet"
"way",739608147,-60.9045202,14.0649343,"beach",2,NA,"Gros Islet"
"way",739608149,-60.90882,14.0635837,"beach",2,NA,"Gros Islet"
"way",751980114,-60.9588465,14.090794,"hotel",3,"Sandals Grande St. Lucian","Gros Islet"
"way",753624824,-60.9115127,14.0716563,"beach",2,NA,"Gros Islet"
"way",822617938,-61.0783673,13.8709966,"beach",2,"Anse Mamin","Soufriere"
"way",822617939,-60.9723361,14.0474111,"beach",2,"Marisule Beach","Gros Islet"
"way",822620268,-60.9194195,14.0920677,"beach",2,"Secret Beach","Gros Islet"
"way",841963609,-60.9409201,13.7409183,"hotel",3,"Serenity At Coconut Bay","Vieux Fort"
"way",899639362,-60.9712334,13.7301995,"beach",2,NA,"Vieux Fort"
"way",901028224,-60.9320084,14.033047,"historic",1.5,NA,"Gros Islet"
"way",901329324,-60.9089321,13.9923435,"hotel",3,"guest house","Gros Islet"
"way",921562628,-61.0702073,13.901147,"beach",2,NA,"Canaries"
"way",922101158,-60.8854958,13.8803227,"beach",2,NA,"Dennery"
"way",922102187,-60.8843241,13.9140447,"beach",2,NA,"Dennery"
"way",925782888,-60.9722003,14.0385447,"beach",2,NA,"Gros Islet"
"way",941869564,-60.9535843,14.0824831,"guesthouse",1,NA,"Gros Islet"
"way",986680324,-60.9307067,14.101561,"hotel",3,NA,"Gros Islet"
"way",1017560911,-60.8966483,13.8130356,"beach",2,NA,"Micoud"
"way",1017560912,-60.8959127,13.8102771,"beach",2,NA,"Micoud"
"way",1019801655,-60.9659676,14.0917666,"historic",1.5,NA,"Gros Islet"
"way",1079159614,-60.990003,14.0201253,"guesthouse",1,NA,"Castries"
"way",1088059170,-60.9375311,13.741615,"hotel",3,"Coconut Bay Beach Resort & Spa","Vieux Fort"
"way",1099754379,-60.9077021,13.849501,"attraction",2,"Sessene Descartes House","Micoud"
"way",1119782776,-60.9322559,13.767568,"guesthouse",1,"Castles in Paradise","Micoud"
"way",1120921167,-60.9668943,13.7307669,"beach",2,NA,"Vieux Fort"
"way",1121484778,-60.9871958,13.7367409,"beach",2,NA,"Laborie"
"way",1164022250,-60.9896227,14.012633,"historic",1.5,NA,"Castries"
"way",1181032329,-60.9841584,14.0241526,"hotel",3,"StolenTime by Rendezvous","Castries"
"way",1220988782,-60.9764081,14.0245499,"historic",1.5,NA,"Castries"
"way",1221631492,-61.0459623,13.8127735,"historic",1.5,NA,"Choiseul"
"way",1223093442,-61.0020673,14.0094449,"historic",1.5,NA,"Castries"
"way",1223300736,-60.9739324,14.034106,"hotel",3,NA,"Castries"
"way",1223572747,-60.9812927,14.0143586,"hotel",3,"Bel Jou","Castries"
"way",1224618577,-61.0127564,14.0091632,"hotel",3,NA,"Castries"
"way",1224618578,-61.0128754,14.0096289,"hotel",3,NA,"Castries"
"way",1224618579,-61.0127558,14.0094807,"hotel",3,NA,"Castries"
"way",1224618580,-61.0126585,14.0093325,"hotel",3,NA,"Castries"
"way",1224618581,-61.0125529,14.0091758,"hotel",3,NA,"Castries"
"way",1224618582,-61.0124347,14.009016,"hotel",3,NA,"Castries"
"way",1224652765,-60.9826235,14.0069667,"historic",1.5,NA,"Castries"
"way",1246886506,-61.0607904,13.8560906,"beach",2,NA,"Soufriere"
"way",1285251330,-60.9748218,13.7429993,"guesthouse",1,"Enchanted Escapades","Vieux Fort"
"way",1286001079,-60.9970518,13.759254,"viewpoint",1.5,NA,"Laborie"
"way",1298859214,-60.9950094,13.7504199,"guesthouse",1,"Southern Haven","Laborie"
"way",1308813011,-61.0437467,13.9406125,"beach",2,NA,"Anse-la-Raye"
"way",1355123424,-61.0605297,13.8507408,"beach",2,NA,"Soufriere"
"way",1372008157,-61.0259992,13.9670354,"hotel",3,"Marigot Beach Club","Castries"
"way",1389539398,-60.8983673,14.0654728,"beach",2,"Pebble beach","Gros Islet"
"way",1482198259,-60.9018629,13.8676215,"historic",1.5,"Grand pa's old house","Dennery"
"way",1482198260,-60.9033739,13.8694669,"historic",1.5,"Madame de Ricoud ruins","Dennery"
